Andres,Aguiar,aandresrafael@gmail.com,5219631140919,28 calles sur ote 10,Mexico
Roberto,Bermudez,rbermuedez@gmail.com,5219631140981,28 calles norte pte 10,Mexico
Gil,Olmos,rbermuedez@gmail.com,5219631140981,28 calles norte pte 10,Mexico
Eduardo,Galeano,galeano@gmail.com,5219631140981,28 calles norte pte 10,Uruguay
Mario,Benedetti,benedetti@gmail.com,5219631140981,28 calles norte pte 10,Uruguay
Julio,Cortazar,benedetti@gmail.com,5219631140981,28 calles norte pte 10,Argentina
Jorge Luis,Borges,borges@gmail.com,5219631140981,28 calles norte pte 10,Argentina
Carlos,Fuentes,fuentes@gmail.com,5219631140981,28 calles norte pte 10,Mexico
Carlos,Fuentes,fuentes@gmail.com,5219631140981,28 calles norte pte 10,Mexico
Rosario,Castellanos,rosario@gmail.com,5219631140981,28 calles norte pte 10,Mexico
